지역명,매장명,지역명_매장명,전화번호,링크
미사2동-1662,휴대폰성지 옆커폰 천호점,미사2동-1662_휴대폰성지 옆커폰 천호점,010-2987-9523,https://www.daangn.com/kr/local-profile/%ED%9C%B4%EB%8C%80%ED%8F%B0%EC%84%B1%EC%A7%80-%EC%98%86%EC%BB%A4%ED%8F%B0-%EC%B2%9C%ED%98%B8%EC%A0%90-nor798enwjoa/?in=%EB%AF%B8%EC%82%AC2%EB%8F%99-1662
서울 특별시,SK텔레콤 강남스타대리점 청담역점,서울 특별시_SK텔레콤 강남스타대리점 청담역점,010-8560-2094,https://www.daangn.com/kr/local-profile/sk%ED%85%94%EB%A0%88%EC%BD%A4-%EA%B0%95%EB%82%A8%EC%8A%A4%ED%83%80%EB%8C%80%EB%A6%AC%EC%A0%90-%EC%B2%AD%EB%8B%B4%EC%97%AD%EC%A0%90-q9mrchf5qppr/
서울 특별시,SK텔레콤 서울ent대리점 청담동점,서울 특별시_SK텔레콤 서울ent대리점 청담동점,010-4674-3974,https://www.daangn.com/kr/local-profile/sk%ED%85%94%EB%A0%88%EC%BD%A4-%EC%84%9C%EC%9A%B8ent%EB%8C%80%EB%A6%AC%EC%A0%90-%EC%B2%AD%EB%8B%B4%EB%8F%99%EC%A0%90-2ymavnq29xwr/
서울 특별시,강남 키움텔레콤,서울 특별시_강남 키움텔레콤,010-6543-2084,https://www.daangn.com/kr/local-profile/%EA%B0%95%EB%82%A8-%ED%82%A4%EC%9B%80%ED%85%94%EB%A0%88%EC%BD%A4-st7tsdz1pzzh/
서울 특별시,세상모든폰,서울 특별시_세상모든폰,010-2017-1117,https://www.daangn.com/kr/local-profile/%EC%84%B8%EC%83%81%EB%AA%A8%EB%93%A0%ED%8F%B0-7p2juoc39ryp/
서울 특별시,위대한폰,서울 특별시_위대한폰,010-4868-8884,https://www.daangn.com/kr/local-profile/%EC%9C%84%EB%8C%80%ED%95%9C%ED%8F%B0-w4eczzcwquvp/
서울 특별시,제일싼 휴대폰 성지도매매장(대단정보),서울 특별시_제일싼 휴대폰 성지도매매장(대단정보),010-5295-9992,https://www.daangn.com/kr/local-profile/%EC%A0%9C%EC%9D%BC-%EC%8B%BC-%ED%9C%B4%EB%8C%80%ED%8F%B0%EC%84%B1%EC%A7%80-%EB%8F%84%EB%A7%A4%EB%A7%A4%EC%9E%A5-1707525/?
서울 특별시,청년모바일,서울 특별시_청년모바일,010-2127-7010,https://www.daangn.com/kr/local-profile/%EC%B2%AD%EB%85%84%EB%AA%A8%EB%B0%94%EC%9D%BC-efsqkmfsfkxk/
서울 특별시,휴대폰성지 휴대폰파크 천호점,서울 특별시_휴대폰성지 휴대폰파크 천호점,010-2065-8470,https://www.daangn.com/kr/local-profile/%ED%9C%B4%EB%8C%80%ED%8F%B0%EC%84%B1%EC%A7%80-%ED%9C%B4%EB%8C%80%ED%8F%B0%ED%8C%8C%ED%81%AC-%EC%B2%9C%ED%98%B8%EC%A0%90-mix2yz2qnk3y/
암사동-6043,서울특별시 강동구 암사동 동네업체,암사동-6043_서울특별시 강동구 암사동 동네업체,010-8629-7819,https://www.daangn.com/kr/local-profile/?in=%EC%95%94%EC%82%AC%EB%8F%99-6043
